types	tokens	ttr	entropy	redundancy
265	1712659	0.00015473015936038638	7.319391321624034	0.09074173549220199
