types	tokens	ttr	entropy	redundancy
287	303499	0.0009456373826602394	7.44424677188271	0.08826311937965858
