types	tokens	ttr	entropy	redundancy
283	1535476	0.00018430766745947184	7.320910293348597	0.10113965803393477
