types	tokens	ttr	entropy	redundancy
319	1532364	0.00020817508111649712	7.508846533575424	0.09721365498343948
