types	tokens	ttr	entropy	redundancy
299	1664590	0.00017962381126884096	7.537928494075437	0.08342327826551232
