types	tokens	ttr	entropy	redundancy
22026	726565	0.030315250528170225	9.48782223461834	0.3423528860975894
