types	tokens	ttr	entropy	redundancy
290	1624556	0.00017851031297166732	7.353632394862338	0.10101294354985169
