types	tokens	ttr	entropy	redundancy
282	1473439	0.00019138898861778466	7.388000556558644	0.09233319667166429
