types	tokens	ttr	entropy	redundancy
253	1599979	0.00015812707541786486	7.34112015066478	0.08040510342689444
