types	tokens	ttr	entropy	redundancy
24859	726993	0.03419427697378104	9.70293152494168	0.33548304018974984
