types	tokens	ttr	entropy	redundancy
291	1696701	0.00017150929951712174	7.477082778689974	0.08647566817637242
