types	tokens	ttr	entropy	redundancy
34672	672714	0.05154047633912777	10.029943210260155	0.33494982430402365
