types	tokens	ttr	entropy	redundancy
294	1475682	0.00019922991538827471	7.371052937760105	0.10105518516213285
