types	tokens	ttr	entropy	redundancy
340	474970	0.0007158346842958503	7.682179868253903	0.08647606864829571
