types	tokens	ttr	entropy	redundancy
274	1576787	0.00017377109273478283	7.3746109485453335	0.08933295484681769
