types	tokens	ttr	entropy	redundancy
239	30872	0.007741642912671677	7.29438455660422	0.07676148277349959
