types	tokens	ttr	entropy	redundancy
2196	15509	0.1415952027854794	8.493684721125238	0.23484883498524545
