types	tokens	ttr	entropy	redundancy
20697	697675	0.029665675278603934	9.621719804263831	0.32889517713434735
