types	tokens	ttr	entropy	redundancy
268	1649091	0.0001625137727390423	7.416798333502615	0.08049636467239563
