types	tokens	ttr	entropy	redundancy
329	1637860	0.0002008718693905462	7.648974859427588	0.08526353843075096
