types	tokens	ttr	entropy	redundancy
296	1675757	0.00017663658871781528	7.341711829688602	0.10570028201553305
