types	tokens	ttr	entropy	redundancy
273	1615562	0.00016898144422807667	7.373791330667062	0.08884065068719826
