types	tokens	ttr	entropy	redundancy
274	1446553	0.00018941580432932633	7.467689594690409	0.07783897147017405
