types	tokens	ttr	entropy	redundancy
47577	469591	0.1013158258995594	11.571949483926973	0.25524733887690454
