types	tokens	ttr	entropy	redundancy
289	350629	0.0008242330212275653	7.4902377238976126	0.08375464012703071
