types	tokens	ttr	entropy	redundancy
359	1854260	0.0001936082318552954	7.687590123920164	0.09428192646350364
