types	tokens	ttr	entropy	redundancy
345	1970969	0.00017504080480210495	7.654773452020994	0.09200918869904484
