types	tokens	ttr	entropy	redundancy
21018	723474	0.029051493211919157	9.350342540673767	0.34883191076439457
