types	tokens	ttr	entropy	redundancy
292	1523651	0.00019164493706235876	7.366973034285129	0.10047242388149713
