types	tokens	ttr	entropy	redundancy
275	1674889	0.00016418998512737263	7.5219821729518275	0.07173700961932283
