types	tokens	ttr	entropy	redundancy
291	1596688	0.00018225226218271823	7.348098323825983	0.10223454652944941
