types	tokens	ttr	entropy	redundancy
275	375208	0.0007329268032664548	7.3771167556571315	0.08961437257616
