types	tokens	ttr	entropy	redundancy
22006	711375	0.03093445791600773	9.904710240944	0.31339397686678205
