types	tokens	ttr	entropy	redundancy
289	1525582	0.00018943590052845406	7.509893378380225	0.08135025686460096
