types	tokens	ttr	entropy	redundancy
266	1690786	0.0001573232804151442	7.426096267473989	0.07810851736920543
