types	tokens	ttr	entropy	redundancy
288	1686104	0.00017080796914069357	7.499403231369354	0.08207196148735574
