types	tokens	ttr	entropy	redundancy
271	1683892	0.00016093668715095742	7.400356396506026	0.08435784113350564
