types	tokens	ttr	entropy	redundancy
285	1629969	0.00017484995113403997	7.373310623468359	0.09583383407610868
