types	tokens	ttr	entropy	redundancy
272	1377362	0.0001974789488892535	7.473752004581362	0.0758842233609689
