types	tokens	ttr	entropy	redundancy
285	1571254	0.0001813837864533678	7.505331967330493	0.07964446699315852
