types	tokens	ttr	entropy	redundancy
34343	585413	0.05866456672468838	10.519899052489194	0.3018258135161468
