types	tokens	ttr	entropy	redundancy
27263	718481	0.037945331887690836	9.490811770353684	0.35588511077447826
