types	tokens	ttr	entropy	redundancy
283	336275	0.0008415731172403539	7.556446752351543	0.07222052453803385
