types	tokens	ttr	entropy	redundancy
127	562	0.22597864768683273	6.630247031585769	0.051288285457323446
