types	tokens	ttr	entropy	redundancy
217	1220	0.1778688524590164	7.337797295393814	0.054596552204578486
