types	tokens	ttr	entropy	redundancy
242	2767	0.08745934224792194	7.354922862782161	0.07121481424731912
