types	tokens	ttr	entropy	redundancy
287	2210	0.12986425339366517	7.807964413611658	0.043716666493509804
