types	tokens	ttr	entropy	redundancy
296	3295	0.08983308042488619	7.764534325376323	0.0541959397827142
