types	tokens	ttr	entropy	redundancy
252	5406	0.04661487236403995	7.416470324500905	0.07030085497525895
