types	tokens	ttr	entropy	redundancy
292	5412	0.05395417590539542	7.612884082164417	0.0704460117024166
