types	tokens	ttr	entropy	redundancy
239	2011	0.11884634510193934	7.395959035496828	0.06390536440557482
