types	tokens	ttr	entropy	redundancy
189	956	0.19769874476987448	7.045850734635051	0.06828552440107882
