types	tokens	ttr	entropy	redundancy
203	880	0.23068181818181818	7.252055857066509	0.05391545322783842
