types	tokens	ttr	entropy	redundancy
248	2150	0.11534883720930232	7.5408301405557285	0.05196831379323108
