types	tokens	ttr	entropy	redundancy
257	1901	0.13519200420831143	7.3903527863447716	0.07685493606005567
