types	tokens	ttr	entropy	redundancy
245	4586	0.05342346271260358	7.368618025414211	0.07156933678390087
