types	tokens	ttr	entropy	redundancy
246	1652	0.14891041162227603	7.467247450717901	0.05983836155437272
