types	tokens	ttr	entropy	redundancy
41737	604823	0.06900696567425511	10.9122081531487	0.28906246503826294
