types	tokens	ttr	entropy	redundancy
251	3086	0.08133506156837329	7.474783065718517	0.06231672509473474
