types	tokens	ttr	entropy	redundancy
232	1294	0.17928902627511592	7.461747810754413	0.05042429914488822
