types	tokens	ttr	entropy	redundancy
239	1484	0.1610512129380054	7.4384024695871425	0.058533367240979906
