types	tokens	ttr	entropy	redundancy
244	1858	0.13132400430570507	7.545319458603181	0.048597988125798186
