types	tokens	ttr	entropy	redundancy
237	1322	0.17927382753403934	7.484749069261595	0.051211475248999494
