types	tokens	ttr	entropy	redundancy
253	3096	0.08171834625322998	7.578173071086129	0.05071036320152411
