types	tokens	ttr	entropy	redundancy
242	2116	0.11436672967863894	7.406704167947721	0.06467583212147276
