types	tokens	ttr	entropy	redundancy
13401	117157	0.11438497059501353	10.384693592360323	0.24254898489132093
