types	tokens	ttr	entropy	redundancy
42115	620850	0.0678344205524684	10.817583369460914	0.29582407283341183
