types	tokens	ttr	entropy	redundancy
244	2907	0.08393532851737186	7.4001878710107505	0.06689787392645807
