types	tokens	ttr	entropy	redundancy
118	628	0.18789808917197454	6.44157382622868	0.06408427982823506
