types	tokens	ttr	entropy	redundancy
16944	797141	0.02125596349955654	8.560321665715161	0.3906588131165427
