types	tokens	ttr	entropy	redundancy
40966	597546	0.06855706506277341	11.042793550890302	0.2792916671634045
