types	tokens	ttr	entropy	redundancy
236	2368	0.09966216216216216	7.31452304492449	0.07207227333265398
