types	tokens	ttr	entropy	redundancy
213	1212	0.17574257425742573	7.218922531226231	0.06668473857775503
