types	tokens	ttr	entropy	redundancy
39047	648504	0.06021088536076878	10.611105150995133	0.30432321770358406
