types	tokens	ttr	entropy	redundancy
241	2070	0.11642512077294687	7.384264709220527	0.06680551244272737
