types	tokens	ttr	entropy	redundancy
240	2656	0.09036144578313253	7.405966501126224	0.06335285513631705
