types	tokens	ttr	entropy	redundancy
15370	199322	0.07711140767200811	10.214868580613594	0.26553107745012694
