types	tokens	ttr	entropy	redundancy
249	3926	0.06342333163525217	7.426667271624787	0.06700182550140776
