types	tokens	ttr	entropy	redundancy
307	1855	0.1654986522911051	7.814607115482777	0.054161533880013546
