types	tokens	ttr	entropy	redundancy
231	2539	0.09098070106341079	7.315010918540112	0.06835905223725092
