types	tokens	ttr	entropy	redundancy
261	3040	0.08585526315789474	7.539722793348963	0.060810777234998725
